File Name,Size,Allocated,Modified,Attributes,Files,Folders
C:\,191394480128,191394480128,2026-01-15 12:00:00,16,62,42
C:\ArchiveVault\,16106127360,16106127360,2026-01-15 12:00:00,16,3,1
C:\ArchiveVault\SimulationSets\,16106127360,16106127360,2026-01-15 12:00:00,16,3,0
C:\ArchiveVault\SimulationSets\simulation-a.bin,6442450944,6442450944,2026-01-15 12:00:00,32,0,0
C:\ArchiveVault\SimulationSets\simulation-b.bin,5368709120,5368709120,2026-01-15 12:00:00,32,0,0
C:\ArchiveVault\SimulationSets\simulation-c.bin,4294967296,4294967296,2026-01-15 12:00:00,32,0,0
C:\Program Files\,15032385536,15032385536,2026-01-15 12:00:00,16,5,2
C:\Program Files\NebulaStudio\,9663676416,9663676416,2026-01-15 12:00:00,16,3,0
C:\Program Files\NebulaStudio\assets.dat,3221225472,3221225472,2026-01-15 12:00:00,32,0,0
C:\Program Files\NebulaStudio\editor.dat,4294967296,4294967296,2026-01-15 12:00:00,32,0,0
C:\Program Files\NebulaStudio\plugins.dat,2147483648,2147483648,2026-01-15 12:00:00,32,0,0
C:\Program Files\PrismViewer\,5368709120,5368709120,2026-01-15 12:00:00,16,2,0
C:\Program Files\PrismViewer\engine.dat,2147483648,2147483648,2026-01-15 12:00:00,32,0,0
C:\Program Files\PrismViewer\models.dat,3221225472,3221225472,2026-01-15 12:00:00,32,0,0
C:\Users\,121601261568,121601261568,2026-01-15 12:00:00,16,46,33
C:\Users\demo\,121601261568,121601261568,2026-01-15 12:00:00,16,46,32
C:\Users\demo\.gradle\,5905580032,5905580032,2026-01-15 12:00:00,16,3,1
C:\Users\demo\.gradle\caches\,5905580032,5905580032,2026-01-15 12:00:00,16,3,0
C:\Users\demo\.gradle\caches\metadata.bin,536870912,536870912,2026-01-15 12:00:00,32,0,0
C:\Users\demo\.gradle\caches\modules.bin,3221225472,3221225472,2026-01-15 12:00:00,32,0,0
C:\Users\demo\.gradle\caches\transforms.bin,2147483648,2147483648,2026-01-15 12:00:00,32,0,0
C:\Users\demo\.npm\,3758096384,3758096384,2026-01-15 12:00:00,16,3,1
C:\Users\demo\.npm\_cacache\,3758096384,3758096384,2026-01-15 12:00:00,16,3,0
C:\Users\demo\.npm\_cacache\content-a.bin,2147483648,2147483648,2026-01-15 12:00:00,32,0,0
C:\Users\demo\.npm\_cacache\content-b.bin,1073741824,1073741824,2026-01-15 12:00:00,32,0,0
C:\Users\demo\.npm\_cacache\index.bin,536870912,536870912,2026-01-15 12:00:00,32,0,0
C:\Users\demo\AppData\,19864223744,19864223744,2026-01-15 12:00:00,16,9,8
C:\Users\demo\AppData\Local\,10200547328,10200547328,2026-01-15 12:00:00,16,6,5
C:\Users\demo\AppData\Local\AuroraEditor\,1610612736,1610612736,2026-01-15 12:00:00,16,2,1
C:\Users\demo\AppData\Local\AuroraEditor\.cache\,1610612736,1610612736,2026-01-15 12:00:00,16,2,0
C:\Users\demo\AppData\Local\AuroraEditor\.cache\extensions.bin,1073741824,1073741824,2026-01-15 12:00:00,32,0,0
C:\Users\demo\AppData\Local\AuroraEditor\.cache\sessions.bin,536870912,536870912,2026-01-15 12:00:00,32,0,0
C:\Users\demo\AppData\Local\FableMail\,5368709120,5368709120,2026-01-15 12:00:00,16,2,0
C:\Users\demo\AppData\Local\FableMail\attachments.dat,2147483648,2147483648,2026-01-15 12:00:00,32,0,0
C:\Users\demo\AppData\Local\FableMail\mail.db,3221225472,3221225472,2026-01-15 12:00:00,32,0,0
C:\Users\demo\AppData\Local\pip\,3221225472,3221225472,2026-01-15 12:00:00,16,2,1
C:\Users\demo\AppData\Local\pip\Cache\,3221225472,3221225472,2026-01-15 12:00:00,16,2,0
C:\Users\demo\AppData\Local\pip\Cache\http.bin,1073741824,1073741824,2026-01-15 12:00:00,32,0,0
C:\Users\demo\AppData\Local\pip\Cache\wheels.bin,2147483648,2147483648,2026-01-15 12:00:00,32,0,0
C:\Users\demo\AppData\Roaming\,9663676416,9663676416,2026-01-15 12:00:00,16,3,1
C:\Users\demo\AppData\Roaming\SomeChatApp\,9663676416,9663676416,2026-01-15 12:00:00,16,3,0
C:\Users\demo\AppData\Roaming\SomeChatApp\attachments.dat,4294967296,4294967296,2026-01-15 12:00:00,32,0,0
C:\Users\demo\AppData\Roaming\SomeChatApp\media.dat,3221225472,3221225472,2026-01-15 12:00:00,32,0,0
C:\Users\demo\AppData\Roaming\SomeChatApp\messages.db,2147483648,2147483648,2026-01-15 12:00:00,32,0,0
C:\Users\demo\Documents\,3758096384,3758096384,2026-01-15 12:00:00,16,3,1
C:\Users\demo\Documents\FictionalAtlas\,3758096384,3758096384,2026-01-15 12:00:00,16,3,0
C:\Users\demo\Documents\FictionalAtlas\diagrams.zip,1073741824,1073741824,2026-01-15 12:00:00,32,0,0
C:\Users\demo\Documents\FictionalAtlas\drafts.zip,2147483648,2147483648,2026-01-15 12:00:00,32,0,0
C:\Users\demo\Documents\FictionalAtlas\reference.pdf,536870912,536870912,2026-01-15 12:00:00,32,0,0
C:\Users\demo\Downloads\,24159191040,24159191040,2026-01-15 12:00:00,16,8,3
C:\Users\demo\Downloads\Archives\,9663676416,9663676416,2026-01-15 12:00:00,16,3,0
C:\Users\demo\Downloads\Archives\old-export.zip,2147483648,2147483648,2026-01-15 12:00:00,32,0,0
C:\Users\demo\Downloads\Archives\sample-assets.zip,4294967296,4294967296,2026-01-15 12:00:00,32,0,0
C:\Users\demo\Downloads\Archives\tutorial-materials.zip,3221225472,3221225472,2026-01-15 12:00:00,32,0,0
C:\Users\demo\Downloads\Images\,10737418240,10737418240,2026-01-15 12:00:00,16,2,0
C:\Users\demo\Downloads\Images\DemoOS-lab.iso,6442450944,6442450944,2026-01-15 12:00:00,32,0,0
C:\Users\demo\Downloads\Images\DemoOS-rescue.iso,4294967296,4294967296,2026-01-15 12:00:00,32,0,0
C:\Users\demo\Downloads\Installers\,3758096384,3758096384,2026-01-15 12:00:00,16,3,0
C:\Users\demo\Downloads\Installers\AuroraEditor-setup.msi,536870912,536870912,2026-01-15 12:00:00,32,0,0
C:\Users\demo\Downloads\Installers\NebulaStudio-setup.exe,2147483648,2147483648,2026-01-15 12:00:00,32,0,0
C:\Users\demo\Downloads\Installers\PrismViewer-setup.exe,1073741824,1073741824,2026-01-15 12:00:00,32,0,0
C:\Users\demo\Pictures\,11811160064,11811160064,2026-01-15 12:00:00,16,3,1
C:\Users\demo\Pictures\ImaginaryCoast\,11811160064,11811160064,2026-01-15 12:00:00,16,3,0
C:\Users\demo\Pictures\ImaginaryCoast\album.zip,2147483648,2147483648,2026-01-15 12:00:00,32,0,0
C:\Users\demo\Pictures\ImaginaryCoast\raw-01.zip,5368709120,5368709120,2026-01-15 12:00:00,32,0,0
C:\Users\demo\Pictures\ImaginaryCoast\raw-02.zip,4294967296,4294967296,2026-01-15 12:00:00,32,0,0
C:\Users\demo\Projects\,29796335616,29796335616,2026-01-15 12:00:00,16,14,8
C:\Users\demo\Projects\CloudOrchard\,10737418240,10737418240,2026-01-15 12:00:00,16,3,1
C:\Users\demo\Projects\CloudOrchard\target\,10737418240,10737418240,2026-01-15 12:00:00,16,3,0
C:\Users\demo\Projects\CloudOrchard\target\debug.bin,5368709120,5368709120,2026-01-15 12:00:00,32,0,0
C:\Users\demo\Projects\CloudOrchard\target\incremental.bin,2147483648,2147483648,2026-01-15 12:00:00,32,0,0
C:\Users\demo\Projects\CloudOrchard\target\release.bin,3221225472,3221225472,2026-01-15 12:00:00,32,0,0
C:\Users\demo\Projects\GlassMeadow\,7516192768,7516192768,2026-01-15 12:00:00,16,4,2
C:\Users\demo\Projects\GlassMeadow\dist\,2147483648,2147483648,2026-01-15 12:00:00,16,2,0
C:\Users\demo\Projects\GlassMeadow\dist\app.js,1073741824,1073741824,2026-01-15 12:00:00,32,0,0
C:\Users\demo\Projects\GlassMeadow\dist\media.bin,1073741824,1073741824,2026-01-15 12:00:00,32,0,0
C:\Users\demo\Projects\GlassMeadow\node_modules\,5368709120,5368709120,2026-01-15 12:00:00,16,2,0
C:\Users\demo\Projects\GlassMeadow\node_modules\dependencies.bin,3221225472,3221225472,2026-01-15 12:00:00,32,0,0
C:\Users\demo\Projects\GlassMeadow\node_modules\tools.bin,2147483648,2147483648,2026-01-15 12:00:00,32,0,0
C:\Users\demo\Projects\MoonHarbor\,11542724608,11542724608,2026-01-15 12:00:00,16,7,2
C:\Users\demo\Projects\MoonHarbor\design.notes,268435456,268435456,2026-01-15 12:00:00,32,0,0
C:\Users\demo\Projects\MoonHarbor\dist\,3221225472,3221225472,2026-01-15 12:00:00,16,2,0
C:\Users\demo\Projects\MoonHarbor\dist\bundle.js,1073741824,1073741824,2026-01-15 12:00:00,32,0,0
C:\Users\demo\Projects\MoonHarbor\dist\textures.bin,2147483648,2147483648,2026-01-15 12:00:00,32,0,0
C:\Users\demo\Projects\MoonHarbor\node_modules\,7516192768,7516192768,2026-01-15 12:00:00,16,3,0
C:\Users\demo\Projects\MoonHarbor\node_modules\assets.bin,1073741824,1073741824,2026-01-15 12:00:00,32,0,0
C:\Users\demo\Projects\MoonHarbor\node_modules\dependencies.bin,4294967296,4294967296,2026-01-15 12:00:00,32,0,0
C:\Users\demo\Projects\MoonHarbor\node_modules\native.bin,2147483648,2147483648,2026-01-15 12:00:00,32,0,0
C:\Users\demo\Projects\MoonHarbor\source.zip,536870912,536870912,2026-01-15 12:00:00,32,0,0
C:\Users\demo\Videos\,22548578304,22548578304,2026-01-15 12:00:00,16,3,1
C:\Users\demo\Videos\PaperComet\,22548578304,22548578304,2026-01-15 12:00:00,16,3,0
C:\Users\demo\Videos\PaperComet\scene-01.mp4,8589934592,8589934592,2026-01-15 12:00:00,32,0,0
C:\Users\demo\Videos\PaperComet\scene-02.mp4,7516192768,7516192768,2026-01-15 12:00:00,32,0,0
C:\Users\demo\Videos\PaperComet\scene-03.mp4,6442450944,6442450944,2026-01-15 12:00:00,32,0,0
C:\Windows\,23622320128,23622320128,2026-01-15 12:00:00,16,6,2
C:\Windows\System32\,9663676416,9663676416,2026-01-15 12:00:00,16,3,0
C:\Windows\System32\core-demo.dll,4294967296,4294967296,2026-01-15 12:00:00,32,0,0
C:\Windows\System32\drivers-demo.bin,3221225472,3221225472,2026-01-15 12:00:00,32,0,0
C:\Windows\System32\resources-demo.dat,2147483648,2147483648,2026-01-15 12:00:00,32,0,0
C:\Windows\WinSxS\,13958643712,13958643712,2026-01-15 12:00:00,16,3,0
C:\Windows\WinSxS\backup-demo.dat,4294967296,4294967296,2026-01-15 12:00:00,32,0,0
C:\Windows\WinSxS\components-demo.dat,8589934592,8589934592,2026-01-15 12:00:00,32,0,0
C:\Windows\WinSxS\manifest-demo.dat,1073741824,1073741824,2026-01-15 12:00:00,32,0,0
C:\hiberfil.sys,6442450944,6442450944,2026-01-15 12:00:00,32,0,0
C:\pagefile.sys,8589934592,8589934592,2026-01-15 12:00:00,32,0,0
